vrp-n10-c20-s1,Exact,440.46267,203.92839,5.89117,887.27222,512.06133,7,9915.26337,1
vrp-n10-c22-s1,Exact,594.05551,285.84465,2.02707,791.14884,466.59109,6,7195.58303,1
vrp-n10-c25-s1,Exact,391.30797,295.60505,7.38428,600.16113,538.30126,6,7051.72978,1
vrp-n10-c26-s1,Exact,495.70507,390.34979,1.44208,633.75025,478.675,5,6696.70324,1
vrp-n10-c28-s1,Exact,497.79998,256.44083,2.23191,1085.52119,299.28622,7,6277.86913,1
vrp-n10-c29-s1,Exact,458.44298,321.56099,0.0,635.23439,335.85964,9,6817.47529,1
vrp-n10-c31-s1,Exact,624.83439,432.12467,7.71962,871.49958,567.57619,5,7963.82616,1
vrp-n10-c33-s1,Exact,470.95639,402.52324,3.95224,1031.8497,565.92833,6,8721.46923,1
vrp-n10-c34-s1,Exact,659.92997,552.51275,5.1627,809.19626,585.00645,6,8730.31456,1
vrp-n10-c36-s1,Exact,476.87634,325.56353,3.17729,904.90763,400.46337,5,6723.90478,1
vrp-n10-c39-s1,Exact,392.56493,275.96501,0.0,598.48753,384.17694,7,7084.3671,1
vrp-n10-c41-s1,Exact,517.44987,316.27426,0.0,687.34731,417.72908,5,7298.7251,1
vrp-n10-c47-s1,Exact,506.09984,230.16096,0.0,654.11184,316.6209,7,6628.71625,1
vrp-n10-c48-s1,Exact,576.78078,341.4281,0.0,375.87835,287.75547,6,5683.93111,1
vrp-n10-c51-s1,Exact,625.5099,295.19444,0.0,1045.04722,643.88713,9,14117.04606,1
vrp-n10-c53-s1,Exact,626.49066,469.01891,6.46911,609.9486,334.01896,5,5221.32493,1
vrp-n10-c54-s1,Exact,617.73283,354.23088,2.8346,798.2222,506.72946,7,8649.47679,1
vrp-n10-c55-s1,Exact,512.78202,418.23015,1.86748,490.7767,363.46429,6,5957.10554,1
vrp-n10-c56-s1,Exact,424.24587,342.67226,0.92424,781.25484,373.78697,6,6073.60577,1
vrp-n10-c59-s1,Exact,486.91804,239.67098,6.4764,1015.26879,512.31053,5,7381.17923,1
vrp-n10-c60-s1,Exact,655.50465,436.16733,5.42398,968.8826,602.0763,5,7764.89845,1
vrp-n10-c61-s1,Exact,538.91904,384.64893,0.32554,516.86921,331.65545,6,5847.44839,1
vrp-n10-c65-s1,Exact,511.27849,348.3444,0.0,717.09577,371.60021,8,6492.25869,1
vrp-n10-c66-s1,Exact,424.31222,314.59258,4.77925,974.39034,491.04125,4,6127.91399,1
vrp-n10-c68-s1,Exact,410.19432,358.02216,7.10042,476.26785,340.71898,4,4714.9691,1
vrp-n10-c69-s1,Exact,424.40533,353.57928,0.92424,553.71883,309.10674,7,5403.561,1
vrp-n10-c71-s1,Exact,542.3995,247.34301,1.82434,514.43567,357.58005,4,5436.20398,1
vrp-n10-c73-s1,Exact,435.87526,378.899,0.76255,687.43957,418.13962,6,6317.90986,1
vrp-n10-c75-s1,Exact,593.02219,421.2037,4.35969,726.68344,337.4149,6,5361.95977,1
vrp-n10-c77-s1,Exact,371.88905,286.78842,5.96005,642.87248,400.78042,5,6318.72207,1
vrp-n10-c78-s1,Exact,457.55658,202.48091,1.25586,925.84685,309.91202,9,6943.27617,1
vrp-n10-c79-s1,Exact,369.49101,288.8889,2.25305,588.72912,403.03419,7,7718.66783,1
vrp-n11-c21-s1,Exact,471.36195,242.44741,0.0,579.44425,242.38168,8,5943.527,1
vrp-n11-c22-s1,Exact,444.50837,233.58745,2.70085,809.70765,439.56615,7,8642.32619,1
vrp-n11-c23-s1,Exact,553.51261,268.19936,3.42313,611.49985,377.27716,8,7694.4158,1
vrp-n11-c24-s1,Exact,562.18385,345.43175,4.6212,1075.14829,570.2938,7,11782.42094,1
vrp-n11-c25-s1,Exact,488.41945,425.53431,7.23024,669.25893,519.2096,7,8398.2899,1
vrp-n11-c29-s1,Exact,462.30041,537.5517,2.33978,792.50986,311.5087,4,4625.91146,1
vrp-n11-c32-s1,Exact,425.62121,314.12951,6.6991,685.56796,392.30576,5,5621.06503,1
vrp-n11-c33-s1,Exact,615.35866,378.08269,6.87408,916.3337,488.91858,7,9270.0828,1
vrp-n11-c34-s1,Exact,529.1397,350.02703,0.57352,785.86815,428.44015,7,7768.50609,1
vrp-n11-c37-s1,Exact,529.24421,373.15118,7.63569,670.96272,482.27141,6,8165.45439,1
vrp-n11-c40-s1,Exact,316.48629,159.25128,0.0,773.76744,338.53728,6,7163.33837,1
vrp-n11-c41-s1,Exact,573.98591,369.12413,0.8724,699.48273,379.81491,9,7893.49239,1
vrp-n11-c42-s1,Exact,596.0555,504.70335,6.43217,998.30908,553.68314,7,9796.00131,1
vrp-n11-c44-s1,Exact,527.77538,384.7481,6.35014,607.71532,350.18948,6,5863.9032,1
vrp-n11-c45-s1,Exact,578.75423,526.61283,4.4708,808.61565,486.72732,8,9961.83152,1
vrp-n11-c50-s1,Exact,495.00789,458.91335,12.34256,721.56589,449.34328,6,7172.39746,1
vrp-n11-c52-s1,Exact,444.5933,333.08776,1.71468,739.77078,444.99827,8,8292.07961,1
vrp-n11-c55-s1,Exact,507.82447,280.70783,9.40808,786.04798,474.43046,8,9650.82204,1
vrp-n11-c56-s1,Exact,602.2803,387.30209,5.48114,663.56127,341.21245,6,6010.16578,1
vrp-n11-c59-s1,Exact,584.78876,331.96979,4.42313,993.56723,511.37935,6,8871.40346,1
vrp-n11-c62-s1,Exact,590.55923,427.4032,6.48127,950.12492,628.9382,8,12629.6997,1
vrp-n11-c64-s1,Exact,672.18684,399.9609,4.83063,760.33112,531.31446,6,8338.27135,1
vrp-n11-c65-s1,Exact,554.42387,244.73737,6.53156,705.72182,365.49947,8,8085.13265,1
vrp-n11-c68-s1,Exact,534.17646,414.78205,0.0,670.88965,382.55565,8,8028.49766,1
vrp-n11-c69-s1,Exact,471.40849,260.13229,2.34828,611.41546,316.01243,6,7187.41851,1
vrp-n11-c73-s1,Exact,347.77315,398.71534,9.09915,708.55499,448.32502,6,8853.84682,1
vrp-n11-c74-s1,Exact,391.3074,321.89784,2.11925,415.85663,216.89222,6,4946.62159,1
vrp-n11-c75-s1,Exact,486.02649,364.66598,13.53934,821.24531,573.93341,6,8612.48841,1
vrp-n11-c76-s1,Exact,484.3829,429.89318,1.25586,587.59763,305.91941,5,5032.68785,1
vrp-n11-c78-s1,Exact,468.27006,256.24656,2.3065,582.74201,295.89854,9,6714.71519,1
vrp-n11-c79-s1,Exact,481.62238,306.2064,0.0,845.26914,510.81933,9,13028.68028,1
vrp-n12-c21-s1,Exact,601.32235,385.92681,3.62596,786.08552,421.60394,7,7767.40607,1
vrp-n12-c22-s1,Exact,524.25454,377.59316,1.71468,822.16507,515.52286,7,9121.06361,1
vrp-n12-c23-s1,Exact,544.82893,430.30268,1.35089,744.71413,407.56046,7,7661.221,1
vrp-n12-c24-s1,Exact,536.92709,297.55649,8.27151,934.20629,433.4961,6,7400.68372,1
vrp-n12-c25-s1,Exact,416.4603,403.86655,0.0,455.61372,376.90171,6,5874.87635,1
vrp-n12-c27-s1,Exact,489.8969,335.92965,7.06811,724.9167,445.45454,6,7538.1233,1
vrp-n12-c28-s1,Exact,482.53852,376.78734,4.10701,783.95694,427.5238,7,8629.82393,1
vrp-n12-c29-s1,Exact,558.00223,355.785,3.69696,849.43288,524.5124,7,9355.36412,1
vrp-n12-c30-s1,Exact,537.58226,412.39164,3.54656,453.14743,376.61923,6,5657.99519,1
vrp-n12-c31-s1,Exact,470.29229,263.24388,3.57477,440.80324,341.05329,6,5602.36099,1
vrp-n12-c34-s1,Exact,435.99966,295.86399,0.0,550.21091,340.6018,6,7262.3433,1
vrp-n12-c35-s1,Exact,583.05855,287.90767,0.52796,839.78646,345.67468,8,8243.38558,1
vrp-n12-c36-s1,Exact,559.13565,343.60006,2.34828,741.76884,381.17557,9,8106.59235,1
vrp-n12-c37-s1,Exact,740.98175,421.96956,10.67576,843.47908,565.29619,6,9326.528,1
vrp-n12-c39-s1,Exact,430.48889,292.97387,0.0,903.02188,404.57576,9,9272.6534,1
vrp-n12-c45-s1,Exact,447.12435,343.9929,16.9946,718.1353,391.30308,5,7525.78097,1
vrp-n12-c46-s1,Exact,538.67957,377.42553,11.12711,972.71925,561.18809,6,10056.292,1
vrp-n12-c47-s1,Exact,592.96651,400.0189,7.27627,766.80729,370.8048,7,7688.54934,1
vrp-n12-c48-s1,Exact,450.90636,390.15297,0.0,867.06957,412.62528,8,8318.46871,1
vrp-n12-c49-s1,Exact,543.57276,375.92457,5.7291,868.02188,513.89957,8,9678.48711,1
vrp-n12-c51-s1,Exact,459.76572,358.29257,9.31049,767.64729,417.03502,8,9186.58634,1
vrp-n12-c52-s1,Exact,473.86841,259.96437,12.51981,627.13418,271.75508,6,6261.00373,1
vrp-n12-c54-s1,Exact,538.23242,483.54616,6.36912,717.14232,535.92668,5,7830.98481,1
vrp-n12-c55-s1,Exact,543.02437,368.52357,7.98537,616.28667,411.98556,8,7621.12194,1
vrp-n12-c58-s1,Exact,527.5916,388.73277,5.3057,920.02406,569.05297,7,10795.66048,1
vrp-n12-c60-s1,Exact,504.10611,388.5837,1.74324,714.05588,419.67872,6,7009.02013,1
vrp-n12-c61-s1,Exact,500.64686,377.60828,0.56326,837.47713,639.04778,6,10645.84177,1
vrp-n12-c62-s1,Exact,428.60989,372.24824,2.96162,516.22663,313.6384,6,4924.5091,1
vrp-n12-c63-s1,Exact,377.895,429.61792,7.62603,798.1442,542.84057,7,9858.40789,1
vrp-n12-c65-s1,Exact,529.2294,275.40629,0.0,723.36763,265.8543,9,7460.57174,1
vrp-n12-c67-s1,Exact,451.36471,424.55276,3.01276,960.82225,458.71167,7,7742.24868,1
vrp-n12-c69-s1,Exact,588.58372,341.17268,9.30005,731.54547,389.89474,9,9708.24228,1
vrp-n12-c70-s1,Exact,461.53205,314.83874,9.97677,889.51448,471.63936,9,10994.11182,1
vrp-n12-c73-s1,Exact,445.69545,404.02933,6.87639,934.59828,674.38762,6,10238.6117,1
vrp-n12-c74-s1,Exact,543.36887,380.8227,0.1501,966.60146,515.29923,7,10303.42529,1
vrp-n12-c77-s1,Exact,424.08229,343.33336,12.47916,1190.88459,641.80479,8,13246.00006,1
vrp-n12-c78-s1,Exact,404.86209,262.22182,8.3601,655.16669,387.04675,7,6600.0953,1
vrp-n12-c79-s1,Exact,540.72581,491.30411,9.75803,752.96841,636.66254,6,11384.6065,1
vrp-n13-c20-s1,Exact,622.64547,352.10644,8.73786,867.42483,619.20917,9,13660.26543,1
vrp-n13-c21-s1,Exact,517.77121,392.71193,9.94456,862.22933,491.30824,7,10656.92351,1
vrp-n13-c22-s1,Exact,464.81643,375.00386,1.6912,891.57946,613.99261,7,12566.11665,1
vrp-n13-c27-s1,Exact,476.74358,377.23932,9.28506,606.3964,377.25117,6,6770.69631,1
vrp-n13-c28-s1,Exact,575.49409,372.18256,8.24018,785.49749,440.57194,7,7670.73747,1
vrp-n13-c30-s1,Exact,684.75696,414.43807,12.30991,760.32217,462.56273,7,8717.06187,1
vrp-n13-c31-s1,Exact,546.28085,328.9404,0.0,542.88626,362.86153,9,8977.95356,1
vrp-n13-c33-s1,Exact,588.28474,373.94639,13.47334,891.6742,535.2965,9,11122.53663,1
vrp-n13-c34-s1,Exact,503.87505,307.95398,2.94868,887.9795,591.8888,8,11751.71513,1
vrp-n13-c36-s1,Exact,569.4638,338.60297,11.72082,961.87335,396.15272,9,8794.30024,1
vrp-n13-c37-s1,Exact,387.46702,348.53379,6.4764,868.26328,570.26467,7,10063.51718,1
vrp-n13-c38-s1,Exact,466.74069,282.93582,5.92347,867.67935,456.43149,9,10262.9173,1
vrp-n13-c41-s1,Exact,581.59675,413.7861,8.76875,599.20006,520.03303,6,7483.89616,1
vrp-n13-c42-s1,Exact,558.79083,305.04126,8.12009,973.35995,443.8887,8,9949.07624,1
vrp-n13-c45-s1,Exact,504.56745,347.43461,2.89305,617.27281,328.70445,7,7030.90267,1
vrp-n13-c46-s1,Exact,479.58775,376.25858,7.77173,478.29345,386.53078,8,8525.47558,1
vrp-n13-c47-s1,Exact,552.51416,321.86104,5.14841,977.92868,425.77963,10,10266.13697,1
vrp-n13-c48-s1,Exact,404.90339,229.16609,12.35713,650.37821,362.49231,9,8085.79244,1
vrp-n13-c50-s1,Exact,515.69425,384.05037,11.42833,533.58234,415.72953,7,8841.85547,1
vrp-n13-c52-s1,Exact,492.10874,386.49925,12.22183,920.72154,621.85501,6,8645.2062,1
vrp-n13-c53-s1,Exact,503.06834,375.65909,3.66525,701.89287,357.09371,9,8615.76992,1
vrp-n13-c55-s1,Exact,457.72477,345.56634,2.92984,828.56446,452.38926,9,11363.26657,1
vrp-n13-c58-s1,Exact,601.53224,462.26474,0.0,670.20925,369.91744,7,7056.638,1
vrp-n13-c59-s1,Exact,467.0016,356.53051,3.37796,916.24376,598.45279,9,12823.47348,1
vrp-n13-c60-s1,Exact,491.12849,339.39353,10.9642,588.65707,424.67596,8,10022.38172,1
vrp-n13-c61-s1,Exact,527.25619,368.48059,20.45721,824.66485,495.7637,7,9934.45236,1
vrp-n13-c62-s1,Exact,521.89588,407.74516,11.68564,696.33338,443.57009,9,10213.88355,1
vrp-n13-c63-s1,Exact,587.96616,454.93044,3.85408,842.79838,535.55226,6,8398.53124,1
vrp-n13-c64-s1,Exact,462.62726,303.95066,0.0,941.53696,525.50649,8,10243.71798,1
vrp-n13-c65-s1,Exact,527.79955,404.15173,6.06363,1059.91273,563.18954,8,12147.93001,1
vrp-n13-c66-s1,Exact,513.58924,457.62214,8.73112,570.78448,487.35343,5,7747.78806,1
vrp-n13-c70-s1,Exact,439.23858,310.42794,8.25091,793.32311,411.4457,6,6841.82774,1
vrp-n13-c71-s1,Exact,389.59335,269.09553,0.0,754.96099,395.80657,6,6484.5541,1
vrp-n13-c72-s1,Exact,507.63663,381.75452,16.39216,736.92124,329.67928,9,7967.99161,1
vrp-n13-c73-s1,Exact,563.75184,409.84707,20.23259,634.89389,406.08467,6,6478.12379,1
vrp-n13-c74-s1,Exact,428.57764,420.83077,9.93934,895.60076,584.06926,5,7604.66755,1
vrp-n13-c75-s1,Exact,462.66679,368.30572,9.17919,921.39229,368.91308,7,7251.93864,1
vrp-n13-c76-s1,Exact,534.53688,278.2478,0.0,592.9747,308.64497,8,6884.52759,1
vrp-n13-c77-s1,Exact,590.24223,365.01989,15.87617,792.09888,534.7222,7,9779.31184,1
vrp-n13-c78-s1,Exact,596.15784,411.29928,11.98056,812.70829,613.05624,7,11317.62274,1
vrp-n14-c20-s1,Exact,391.70807,328.39672,7.07401,526.59731,354.45715,8,8106.76103,1
vrp-n14-c21-s1,Exact,624.69792,366.25109,6.86309,739.98722,408.46065,9,10221.22964,1
vrp-n14-c22-s1,Exact,523.78025,376.44316,18.50351,609.23048,379.61809,7,8824.23425,1
vrp-n14-c23-s1,Exact,500.74763,348.69199,19.73241,689.36868,511.89089,9,10888.36775,1
vrp-n14-c25-s1,Exact,599.15378,296.43617,2.25305,810.78462,429.06965,7,8954.39909,1
vrp-n14-c27-s1,Exact,545.19461,290.59408,0.0,673.20725,372.9062,11,10999.13504,1
vrp-n14-c29-s1,Exact,537.64933,421.02746,1.54324,868.21588,552.64453,7,9700.7559,1
vrp-n14-c32-s1,Exact,537.26676,350.97075,0.0,899.63898,399.99304,8,9791.73598,1
vrp-n14-c33-s1,Exact,496.36275,440.27897,7.22846,923.37656,513.15332,7,9031.29007,1
vrp-n14-c34-s1,Exact,494.84876,303.16331,15.51115,942.42826,512.63166,10,11934.08053,1
vrp-n14-c35-s1,Exact,491.41132,254.12298,13.12009,675.37485,417.48273,9,10013.71104,1
vrp-n14-c37-s1,Exact,539.26902,334.30412,0.0,712.75066,369.47523,11,9681.54152,1
vrp-n14-c38-s1,Exact,458.36504,460.54526,7.62908,938.56874,585.9217,7,11113.88258,1
vrp-n14-c41-s1,Exact,537.13521,499.34174,5.83787,773.25922,536.92652,10,13371.57544,1
vrp-n14-c42-s1,Exact,638.32311,470.08929,11.70601,961.90749,516.19191,9,11544.7217,1
vrp-n14-c46-s1,Exact,528.92533,283.62224,8.89772,678.44035,397.61813,9,9548.92687,1
vrp-n14-c47-s1,Exact,393.23696,273.73846,10.37302,814.96148,494.66573,9,11533.43316,1
vrp-n14-c50-s1,Exact,557.12809,406.43956,6.55771,580.90334,406.35076,9,9177.04884,1
vrp-n14-c51-s1,Exact,478.88415,354.30275,2.17521,731.92032,428.92784,7,9388.24447,1
vrp-n14-c54-s1,Exact,442.3271,299.19667,5.46473,675.72253,372.76211,8,7946.8548,1
vrp-n14-c55-s1,Exact,519.22192,266.36371,10.0788,730.21478,337.46159,10,10091.71963,1
vrp-n14-c57-s1,Exact,401.45167,270.52148,12.22371,652.38363,321.52848,9,8066.09492,1
vrp-n14-c58-s1,Exact,563.10905,395.59963,8.57517,832.90506,476.11533,7,9846.09894,1
vrp-n14-c59-s1,Exact,503.32241,285.95014,5.45004,990.55409,593.5015,10,13623.7749,1
vrp-n14-c60-s1,Exact,452.02761,333.01384,9.83799,888.7015,522.62514,8,12087.23874,1
vrp-n14-c61-s1,Exact,462.04151,269.11207,9.49639,595.86315,380.72225,8,8408.70612,1
vrp-n14-c62-s1,Exact,527.89284,385.63746,12.47741,679.65933,384.88008,9,8897.22821,1
vrp-n14-c66-s1,Exact,579.46031,424.92991,7.14391,839.85608,416.29089,9,8684.68387,1
vrp-n14-c67-s1,Exact,531.13667,328.86173,0.0,510.38469,272.77902,10,7057.61131,1
vrp-n14-c68-s1,Exact,495.91477,253.10194,0.92424,602.18484,298.92557,8,7636.0563,1
vrp-n14-c69-s1,Exact,551.9098,325.19336,2.34828,899.16558,535.64376,10,14711.70258,1
vrp-n14-c70-s1,Exact,504.79193,304.09785,0.0,759.4299,400.66962,11,11656.84741,1
vrp-n14-c71-s1,Exact,514.45486,322.14754,13.44629,548.63681,317.45727,8,7029.95327,1
vrp-n14-c72-s1,Exact,528.69639,468.10077,13.06324,967.05921,689.70266,7,12266.11544,1
vrp-n14-c74-s1,Exact,633.64899,450.92708,2.59333,1083.78065,522.53175,9,12297.16743,1
vrp-n14-c76-s1,Exact,530.79749,374.51847,10.58861,868.71062,584.84601,8,12932.5688,1
vrp-n14-c78-s1,Exact,445.04692,333.27635,4.28705,556.30591,283.13868,4,5419.89418,1
vrp-n15-c20-s1,Exact,501.46804,344.76383,23.83416,690.46092,531.85813,7,10810.77238,1
vrp-n15-c21-s1,Exact,498.4134,319.48072,26.21456,722.00792,389.88483,9,8621.42123,1
vrp-n15-c23-s1,Exact,529.68699,385.46331,26.40125,672.46178,463.77593,9,10361.91776,1
vrp-n15-c26-s1,Exact,459.26457,426.56799,10.43873,529.74932,425.44791,7,9468.61783,1
vrp-n15-c29-s1,Exact,524.62377,393.15927,15.77747,692.28355,423.65239,8,8901.1275,1
vrp-n15-c31-s1,Exact,515.06698,373.07031,15.11548,873.91638,575.56021,7,10856.42749,1
vrp-n15-c32-s1,Exact,554.96753,219.29265,13.2999,675.56509,359.21332,8,8639.368,1
vrp-n15-c33-s1,Exact,689.83119,453.04042,0.0,710.72971,572.41149,9,11717.8863,1
vrp-n15-c38-s1,Exact,502.07588,280.74842,0.0,853.04272,405.72172,9,12101.69421,1
vrp-n15-c39-s1,Exact,528.77896,433.26889,17.71612,1037.33804,428.4347,8,9044.62654,1
vrp-n15-c42-s1,Exact,533.1433,398.84428,5.40356,549.97873,432.48755,9,10462.89947,1
vrp-n15-c44-s1,Exact,460.29892,266.60065,4.21901,555.74899,289.64541,11,8491.18166,1
vrp-n15-c47-s1,Exact,533.8606,378.21477,2.49865,738.24948,421.47234,10,10086.1072,1
vrp-n15-c48-s1,Exact,465.58333,324.59893,10.66632,699.92514,443.89245,7,10326.37711,1
vrp-n15-c49-s1,Exact,511.2108,320.34181,11.21811,808.22438,533.91189,9,12867.7051,1
vrp-n15-c51-s1,Exact,525.79942,290.01962,11.86331,805.23945,310.49657,10,8798.98015,1
vrp-n15-c52-s1,Exact,505.47849,335.91749,12.87945,849.31017,532.14455,9,13579.51812,1
vrp-n15-c53-s1,Exact,328.27974,191.36602,5.74881,413.59317,248.78223,13,7626.78279,1
vrp-n15-c60-s1,Exact,565.31132,271.39395,11.54854,835.45869,368.73715,10,10324.03196,1
vrp-n15-c61-s1,Exact,511.17087,340.90593,16.18302,931.92553,505.44309,10,12277.36154,1
vrp-n15-c62-s1,Exact,570.42976,333.61618,5.06936,927.5387,438.6326,10,11969.32369,1
vrp-n15-c63-s1,Exact,420.13724,292.79304,6.47824,666.65623,362.83046,9,8834.9282,1
vrp-n15-c64-s1,Exact,603.51985,604.83371,15.38793,771.24659,542.43383,5,7585.08533,1
vrp-n15-c65-s1,Exact,434.12606,278.57207,23.82157,673.40373,334.48504,8,8216.79054,1
vrp-n15-c66-s1,Exact,492.59767,274.59848,9.08855,822.762,367.94459,9,9223.65247,1
vrp-n15-c69-s1,Exact,519.93905,341.92716,1.85171,814.69241,499.81279,9,11526.15858,1
vrp-n15-c71-s1,Exact,355.69118,234.47759,0.0,423.31367,283.99051,7,6642.84109,1
vrp-n15-c75-s1,Exact,531.76304,381.97984,3.707,753.3018,410.07926,8,9698.77931,1
vrp-n15-c76-s1,Exact,507.49961,436.93903,16.48913,781.71259,460.05386,7,7454.83453,1
vrp-n15-c77-s1,Exact,518.11465,338.97942,8.88142,512.55943,351.14659,8,8802.17169,1
vrp-n15-c78-s1,Exact,488.08539,453.86286,18.6447,541.80658,320.31284,6,6101.4463,1
vrp-n15-c79-s1,Exact,558.30617,310.36779,10.12917,839.65073,427.71989,9,11722.88637,1
vrp-n16-c22-s1,Exact,593.89502,329.51505,5.02344,704.86276,430.60857,9,10769.07104,1
vrp-n16-c23-s1,Exact,491.19165,275.99778,14.066,699.6174,378.34552,9,9177.09398,1
vrp-n16-c24-s1,Exact,524.89216,502.38476,17.05252,986.1951,677.16518,10,16306.50203,1
vrp-n16-c25-s1,Exact,549.20055,367.11666,10.25095,783.56784,517.11511,9,10931.14973,1
vrp-n16-c26-s1,Exact,493.58651,388.48587,8.54159,428.36052,344.28055,9,7754.55427,1
vrp-n16-c29-s1,Exact,629.35906,391.7061,0.0,817.70153,503.79913,8,9998.982,1
vrp-n16-c30-s1,Exact,516.50124,336.90976,15.29917,909.37625,469.99291,8,10082.45672,1
vrp-n16-c31-s1,Exact,601.24685,407.08632,16.80223,891.16728,628.97749,10,13813.12717,1
vrp-n16-c34-s1,Exact,607.23163,386.9717,7.78295,873.87598,578.31007,9,13537.24149,1
vrp-n16-c35-s1,Exact,634.18864,449.07304,14.53082,922.916,560.85425,9,12493.80019,1
vrp-n16-c36-s1,Exact,417.2086,238.96608,6.97297,502.99804,264.28534,10,8317.80941,1
vrp-n16-c37-s1,Exact,501.40379,323.69843,1.77682,750.49318,312.09972,10,9237.85163,1
vrp-n16-c38-s1,Exact,596.94521,408.77297,8.35365,890.36127,625.69752,10,15007.16505,1
vrp-n16-c40-s1,Exact,432.9725,349.49812,8.44906,940.75175,521.88422,9,11396.04116,1
vrp-n16-c42-s1,Exact,570.90037,294.15528,2.34828,955.59875,463.00607,11,13855.65952,1
vrp-n16-c43-s1,Exact,464.63014,276.87211,2.57482,723.64237,387.20494,10,9756.85125,1
vrp-n16-c44-s1,Exact,481.09085,370.88812,5.02344,859.81563,545.03851,10,13919.14025,1
vrp-n16-c45-s1,Exact,478.24707,302.19297,4.96604,583.27421,313.73042,11,9048.7228,1
vrp-n16-c46-s1,Exact,406.99944,231.80436,0.0,499.00121,276.9123,10,8351.52602,1
vrp-n16-c48-s1,Exact,460.22717,288.10275,6.06363,738.87568,344.55414,9,8244.57057,1
vrp-n16-c49-s1,Exact,661.14211,553.16146,22.84342,924.94311,545.22713,7,9762.88228,1
vrp-n16-c50-s1,Exact,567.2987,357.16095,25.74293,853.11875,428.05087,9,9805.15203,1
vrp-n16-c51-s1,Exact,457.68639,313.58516,9.60545,659.55681,390.04667,11,9927.29707,1
vrp-n16-c57-s1,Exact,524.38319,297.85201,18.49182,877.90037,529.08294,10,13585.50878,1
vrp-n16-c58-s1,Exact,481.89273,280.0329,20.40246,893.70788,448.99219,11,10818.57676,1
vrp-n16-c60-s1,Exact,483.36656,383.26017,0.56326,832.41013,475.10117,11,12214.85592,1
vrp-n16-c61-s1,Exact,529.75544,339.85848,8.04836,840.43155,430.38006,11,10778.48361,1
vrp-n16-c62-s1,Exact,605.07773,364.10533,12.74087,806.79484,381.42141,13,12456.60143,1
vrp-n16-c63-s1,Exact,491.39163,344.01606,8.27175,832.70388,452.12312,10,11469.20358,1
vrp-n16-c64-s1,Exact,399.86585,338.20455,16.33777,508.80841,363.69872,7,7840.45684,1
vrp-n16-c68-s1,Exact,485.34299,286.10502,15.11487,866.32872,568.20434,8,12844.17941,1
vrp-n16-c69-s1,Exact,488.56312,318.60231,4.26022,801.57626,430.79532,12,12896.25318,1
vrp-n16-c70-s1,Exact,576.72561,380.23919,6.8506,675.24254,407.51165,13,12699.4265,1
vrp-n16-c71-s1,Exact,465.47954,438.26201,13.99636,913.90625,620.15162,10,14891.50544,1
vrp-n16-c72-s1,Exact,514.38295,337.12014,13.34575,717.86273,429.25395,10,10956.37854,1
vrp-n16-c75-s1,Exact,494.84587,308.23975,13.3416,708.98759,388.97909,10,10962.99912,1
vrp-n16-c76-s1,Exact,653.50137,417.9941,24.76752,949.90843,505.72245,10,12746.08743,1
vrp-n16-c77-s1,Exact,478.353,230.70227,12.27477,1230.11319,710.88691,12,20443.7118,1
vrp-n16-c78-s1,Exact,444.20657,418.24286,13.18331,668.49543,481.19939,8,9909.85057,1
vrp-n16-c79-s1,Exact,574.99494,361.6883,5.86583,860.17022,454.71982,12,12395.89543,1
vrp-n17-c20-s1,Exact,606.88934,398.83791,14.78012,950.46384,463.00358,9,11428.26414,1
vrp-n17-c21-s1,Exact,520.57189,341.61582,14.81601,750.14352,461.6732,13,13195.40103,1
vrp-n17-c22-s1,Exact,483.5878,249.42738,7.05507,823.83907,369.17434,13,12635.97258,1
vrp-n17-c24-s1,Exact,372.87583,334.0907,24.06416,796.73958,500.22403,8,10008.02091,1
vrp-n17-c25-s1,Exact,486.11006,310.51605,61.90614,737.92278,447.55134,8,9658.44774,1
vrp-n17-c27-s1,Exact,482.20818,286.74618,27.23183,908.87931,520.74799,10,14885.43927,1
vrp-n17-c28-s1,Exact,466.59839,307.76385,9.11908,1160.19131,500.47363,11,14561.0859,1
vrp-n17-c32-s1,Exact,426.68872,282.5012,26.75004,866.82249,362.20414,12,10000.98797,1
vrp-n17-c34-s1,Exact,593.24723,389.01933,31.76217,1000.71862,479.09917,10,11346.10704,1
vrp-n17-c35-s1,Exact,517.43988,304.34933,21.55678,994.18907,370.6519,11,10562.14553,1
vrp-n17-c36-s1,Exact,565.4941,331.88713,15.97342,558.53963,407.08451,11,11487.1262,1
vrp-n17-c37-s1,Exact,452.38424,307.22705,17.38492,749.43241,414.29998,14,13052.36658,1
vrp-n17-c39-s1,Exact,421.07629,297.74971,18.03459,746.0404,512.17391,11,13350.20152,1
vrp-n17-c41-s1,Exact,503.43499,407.27158,15.61487,447.04939,345.17147,11,10122.56755,1
vrp-n17-c43-s1,Exact,410.57906,348.84347,7.45789,735.56796,316.10633,8,9274.64086,1
vrp-n17-c44-s1,Exact,521.29578,422.84751,6.94448,805.50246,592.86505,8,11833.53451,1
vrp-n17-c49-s1,Exact,630.33632,502.98468,26.13273,686.15237,447.53009,8,9593.99414,1
vrp-n17-c51-s1,Exact,519.38952,354.97035,15.28155,907.74518,591.03804,11,16307.42863,1
vrp-n17-c56-s1,Exact,372.63477,259.99531,0.0,593.51945,247.13754,9,7711.00609,1
vrp-n17-c57-s1,Exact,485.82456,383.46913,21.66727,545.06055,304.38933,9,6854.19925,1
vrp-n17-c58-s1,Exact,482.73742,295.12299,22.43208,670.84785,372.80028,13,11044.86043,1
vrp-n17-c59-s1,Exact,457.26265,375.72051,27.62285,772.77706,490.063,9,10369.33213,1
vrp-n17-c60-s1,Exact,560.3007,430.53556,6.05751,989.91507,425.6074,11,13136.09197,1
vrp-n17-c61-s1,Exact,481.18086,337.26702,18.15575,697.13808,484.35503,11,12648.31896,1
vrp-n17-c62-s1,Exact,574.77585,461.86459,33.05609,684.45447,427.54953,10,10678.64133,1
vrp-n17-c63-s1,Exact,464.99749,315.5394,11.23029,846.05866,506.71401,10,12520.22717,1
vrp-n17-c68-s1,Exact,554.00349,525.51476,31.47005,762.37027,540.12473,9,12914.99842,1
vrp-n17-c69-s1,Exact,463.75633,341.92866,14.45758,682.30154,415.88604,11,9816.45455,1
vrp-n17-c71-s1,Exact,537.01165,377.11143,30.74078,1007.84896,442.38268,9,10565.82742,1
vrp-n17-c73-s1,Exact,444.3373,349.74645,25.09152,686.01416,423.81861,10,10134.92623,1
vrp-n17-c78-s1,Exact,398.84462,245.14488,13.36098,779.89196,255.38067,12,7167.69329,1
vrp-n18-c21-s1,Exact,429.47343,371.72331,7.22493,728.40465,349.99949,9,8022.69092,1
vrp-n18-c22-s1,Exact,520.41938,332.4439,30.04649,896.72895,514.96005,11,14179.09432,1
vrp-n18-c23-s1,Exact,487.04435,308.26393,22.59703,800.69097,538.75296,10,12499.4961,1
vrp-n18-c25-s1,Exact,495.53492,346.81608,12.56664,920.6723,633.40919,9,14529.46471,1
vrp-n18-c26-s1,Exact,410.49295,308.62039,0.0,475.56616,280.84132,8,8173.93476,1
vrp-n18-c28-s1,Exact,504.63201,336.51144,49.41942,802.18268,565.72328,9,11330.11032,1
vrp-n18-c29-s1,Exact,568.36912,432.67919,30.94843,948.9798,627.70236,9,13152.3807,1
vrp-n18-c31-s1,Exact,552.20172,355.51087,30.42023,930.32949,682.11424,10,16111.30809,1
vrp-n18-c36-s1,Exact,514.39347,343.00345,20.07477,1072.70307,674.53673,13,20706.96669,1
vrp-n18-c39-s1,Exact,561.95216,383.34542,2.92984,900.65082,578.00247,10,15529.64535,1
vrp-n18-c43-s1,Exact,567.24696,343.48585,20.20311,859.88394,545.01353,13,17386.03066,1
vrp-n18-c44-s1,Exact,454.9038,281.22442,8.56387,480.3106,263.92636,11,8235.66855,1
vrp-n18-c45-s1,Exact,452.40175,275.7114,9.39312,928.57327,582.62524,11,15669.31243,1
vrp-n18-c46-s1,Exact,482.26,335.19063,7.85158,647.17411,334.52234,10,9351.35667,1
vrp-n18-c47-s1,Exact,440.93854,375.63158,23.26394,599.1186,376.65848,10,9934.0525,1
vrp-n18-c48-s1,Exact,538.81596,466.0017,44.80009,1001.42079,585.51415,8,13596.76,1
vrp-n18-c49-s1,Exact,531.2662,487.92533,48.22385,559.07383,394.2181,8,7735.15734,1
vrp-n18-c52-s1,Exact,506.97181,357.95143,16.6546,749.07147,370.1954,12,11573.5672,1
vrp-n18-c54-s1,Exact,479.08129,287.43047,48.29609,944.61507,427.0669,11,11653.71612,1
vrp-n18-c55-s1,Exact,626.56459,368.49113,22.65886,832.93598,476.76116,10,12554.64251,1
vrp-n18-c56-s1,Exact,516.19981,323.19791,46.7019,672.86298,354.49253,10,9391.71884,1
vrp-n18-c57-s1,Exact,534.55751,345.53375,24.27324,922.06761,437.78018,11,12164.02296,1
vrp-n18-c59-s1,Exact,510.72094,369.19577,25.89304,904.31556,569.83341,11,15817.78211,1
vrp-n18-c65-s1,Exact,519.70715,429.37948,17.77309,554.07956,445.39158,9,10368.99625,1
vrp-n18-c66-s1,Exact,583.0933,313.3217,18.54231,875.98239,499.44999,11,14121.59566,1
vrp-n18-c69-s1,Exact,475.19928,359.49461,31.4826,1012.01575,659.65442,12,18910.00306,1
vrp-n18-c71-s1,Exact,410.85759,368.29674,21.26993,556.6616,390.76584,11,10500.03731,1
vrp-n18-c74-s1,Exact,551.22145,320.20597,14.62976,780.53858,354.58739,13,11708.28749,1
vrp-n18-c75-s1,Exact,408.38526,359.93555,18.82251,933.00641,659.62101,9,15500.6204,1
vrp-n18-c76-s1,Exact,507.77079,442.58174,5.06936,986.4263,515.46893,9,11901.71293,1
vrp-n19-c20-s1,Exact,530.79691,338.62133,35.03256,768.39641,389.22285,12,11164.05685,1
vrp-n19-c21-s1,Exact,456.838,389.94289,30.35365,547.698,343.99006,9,8806.05379,1
vrp-n19-c22-s1,Exact,560.9028,296.35044,22.21691,894.51363,456.72346,10,12428.95934,1
vrp-n19-c23-s1,Exact,445.47194,360.87189,35.86989,744.60339,456.55281,10,13617.02766,1
vrp-n19-c26-s1,Exact,537.96817,403.67056,32.21574,895.37803,506.1908,10,11634.70223,1
vrp-n19-c28-s1,Exact,449.61136,339.88035,35.23643,983.89816,597.25539,13,18312.06111,1
vrp-n19-c29-s1,Exact,559.62191,411.93242,16.39283,900.9893,490.92258,11,14138.12736,1
vrp-n19-c33-s1,Exact,551.85251,297.63999,34.84625,637.83481,399.96027,14,14189.237,1
vrp-n19-c34-s1,Exact,582.54022,368.3802,20.54894,769.35341,361.91099,12,11386.07913,1
vrp-n19-c39-s1,Exact,554.15945,330.78765,44.22866,750.75661,378.2129,11,11206.12217,1
vrp-n19-c40-s1,Exact,547.89169,309.25678,52.56993,877.12456,436.3945,11,12766.88856,1
vrp-n19-c41-s1,Exact,548.30426,397.24258,30.6032,876.05161,529.04032,9,11809.55308,1
vrp-n19-c42-s1,Exact,475.70643,305.19326,21.78952,812.75997,479.60295,9,13300.46541,1
vrp-n19-c43-s1,Exact,383.1021,321.6057,26.41217,722.54685,422.98636,10,11607.55966,1
vrp-n19-c45-s1,Exact,523.253,366.52906,60.79713,677.87399,423.73804,10,10278.08215,1
vrp-n19-c46-s1,Exact,551.26121,453.58944,16.38499,906.77657,553.47593,12,16618.67067,1
vrp-n19-c48-s1,Exact,438.52155,247.03372,32.76759,574.56452,323.48372,12,10894.62051,1
vrp-n19-c52-s1,Exact,503.47855,325.82849,36.36853,745.37485,427.50356,10,10648.86488,1
vrp-n19-c54-s1,Exact,586.88388,410.44725,9.01219,707.16159,465.07091,11,13435.88532,1
vrp-n19-c55-s1,Exact,533.56396,398.95819,16.16396,669.27398,452.58044,11,11880.05576,1
vrp-n19-c56-s1,Exact,476.12336,281.83057,12.61137,767.81498,335.94983,13,11469.5054,1
vrp-n19-c58-s1,Exact,507.11315,292.3694,19.17443,965.60201,377.32663,8,10000.54684,1
vrp-n19-c61-s1,Exact,530.71305,372.67667,43.78366,617.05765,340.8345,10,8494.32402,1
vrp-n19-c63-s1,Exact,609.89687,536.2303,46.49322,1161.97779,594.12836,8,14072.0209,1
vrp-n19-c66-s1,Exact,499.22911,381.59655,17.64062,907.98953,628.68543,10,14243.99824,1
vrp-n19-c68-s1,Exact,583.84325,338.53362,35.19473,616.67033,404.05795,11,11613.69436,1
vrp-n19-c70-s1,Exact,516.36918,344.531,44.48771,983.03375,579.63611,11,14471.74992,1
vrp-n19-c77-s1,Exact,568.60372,353.07145,7.59475,1267.44498,421.64217,14,14446.41171,1
vrp-n19-c79-s1,Exact,517.79552,416.6352,32.80305,488.04686,378.40637,8,7926.59723,1
vrp-n20-c20-s1,Exact,573.02759,322.33194,16.94142,800.36297,520.67885,12,15660.25753,1
vrp-n20-c21-s1,Exact,552.55408,374.55506,22.28682,849.98979,581.08061,11,16327.44987,1
vrp-n20-c22-s1,Exact,481.69798,330.47963,13.539,872.02462,561.90262,10,15027.68454,1
vrp-n20-c24-s1,Exact,510.89247,436.88193,28.5984,809.66779,563.53321,9,14484.99173,1
vrp-n20-c25-s1,Exact,447.38083,374.1213,11.00887,870.3187,349.80763,13,11702.50434,1
vrp-n20-c26-s1,Exact,475.17996,379.90447,39.36136,830.94119,516.73247,11,13795.80721,1
vrp-n20-c28-s1,Exact,499.15,298.27207,39.55914,484.57932,327.21139,12,10571.06986,1
vrp-n20-c30-s1,Exact,543.27364,331.56873,2.85987,669.82033,320.64814,13,12462.45654,1
vrp-n20-c31-s1,Exact,399.90088,354.2295,28.89344,774.67293,437.75621,9,9515.62146,1
vrp-n20-c33-s1,Exact,458.09518,293.8638,16.25183,906.6918,468.79505,13,14164.00584,1
vrp-n20-c34-s1,Exact,492.49463,332.72152,25.31474,779.61214,490.5764,10,13072.73882,1
vrp-n20-c35-s1,Exact,554.25462,354.88912,38.08497,720.84824,398.94798,12,12451.69318,1
vrp-n20-c36-s1,Exact,468.09359,407.19149,42.22713,591.40959,458.18712,11,12294.39062,1
vrp-n20-c38-s1,Exact,514.34596,359.44554,25.88586,885.83181,477.8676,11,13006.10906,1
vrp-n20-c41-s1,Exact,528.66281,352.41806,47.8293,712.14901,550.47072,10,13962.20745,1
vrp-n20-c44-s1,Exact,409.0244,370.0313,16.3346,527.20252,301.52413,10,10370.84439,1
vrp-n20-c45-s1,Exact,470.00359,301.34574,35.45463,498.90253,301.68062,13,11530.33869,1
vrp-n20-c47-s1,Exact,485.90874,342.68573,3.08097,600.1097,373.29865,14,12209.71828,1
vrp-n20-c51-s1,Exact,518.98682,280.19351,15.44769,997.25824,547.19911,13,17138.59687,1
vrp-n20-c54-s1,Exact,502.22158,381.19848,22.73823,896.65285,571.04432,11,16077.50065,1
vrp-n20-c55-s1,Exact,500.28106,358.73414,25.91701,742.15832,445.54216,11,12752.00387,1
vrp-n20-c60-s1,Exact,578.58048,374.7911,40.11201,921.94324,569.52957,12,17923.31117,1
vrp-n20-c63-s1,Exact,541.6399,387.23014,19.20978,700.87855,550.54217,11,14029.76905,1
vrp-n20-c64-s1,Exact,496.05529,324.9837,33.74799,835.61649,406.49038,12,14890.56124,1
vrp-n20-c66-s1,Exact,588.45552,385.63224,53.91955,824.73333,430.32013,11,11942.67359,1
vrp-n20-c67-s1,Exact,444.31156,237.80857,28.09556,873.2657,470.27946,11,14512.42013,1
vrp-n20-c68-s1,Exact,575.16164,315.31457,13.78856,888.9468,525.56624,14,17513.83977,1
vrp-n20-c72-s1,Exact,517.12251,421.58437,24.16028,792.0628,574.65191,11,14809.87785,1
vrp-n20-c73-s1,Exact,460.99558,278.18023,13.95837,753.2797,454.33539,11,14909.29467,1
vrp-n20-c74-s1,Exact,579.62616,347.14013,20.73152,816.96365,423.61431,13,14482.24679,1
vrp-n20-c75-s1,Exact,509.96421,310.03612,19.95463,772.62222,385.43826,13,12570.82873,1
vrp-n20-c76-s1,Exact,516.73071,447.75291,20.40943,919.1751,521.45594,9,11971.00088,1
vrp-n20-c79-s1,Exact,498.40241,261.89971,23.96351,843.97769,406.83522,15,15431.59007,1
vrp-n21-c20-s1,Exact,501.58368,346.74583,47.98145,670.53339,371.29885,12,11498.09447,1
vrp-n21-c22-s1,Exact,500.14648,322.39098,19.74681,813.99516,423.62353,14,13926.52484,1
vrp-n21-c23-s1,Exact,438.46779,301.51828,28.90327,676.89629,348.75232,11,10186.87987,1
vrp-n21-c26-s1,Exact,629.82692,487.50629,36.72871,795.91906,459.91508,10,11041.63417,1
vrp-n21-c28-s1,Exact,483.11581,368.62427,31.53278,614.4553,360.62347,12,10774.35891,1
vrp-n21-c29-s1,Exact,472.65128,342.50914,63.93859,827.44223,508.67087,14,15900.57357,1
vrp-n21-c34-s1,Exact,564.08859,362.24591,19.35801,624.94647,357.37989,14,12609.15575,1
vrp-n21-c38-s1,Exact,482.84111,284.9122,24.09551,506.02267,295.75226,12,9514.51523,1
vrp-n21-c39-s1,Exact,584.26246,383.63463,42.60555,838.61792,558.55973,11,16061.17642,1
vrp-n21-c40-s1,Exact,525.76868,358.40425,18.83231,810.77466,495.92714,10,13126.99006,1
vrp-n21-c41-s1,Exact,452.98664,328.70877,30.22491,614.96042,339.4418,13,10712.15167,1
vrp-n21-c43-s1,Exact,436.9572,268.85327,4.28705,838.48702,244.24372,14,9746.93771,1
vrp-n21-c47-s1,Exact,556.32798,367.57921,30.35171,722.68498,347.60134,11,11243.21417,1
vrp-n21-c48-s1,Exact,511.32109,316.90163,7.85158,625.47897,380.74671,12,11020.09052,1
vrp-n21-c50-s1,Exact,465.85204,342.0085,42.53263,914.76506,452.89315,13,15754.57545,1
vrp-n21-c51-s1,Exact,603.93554,427.94897,16.64121,864.73881,475.88949,13,15767.68687,1
vrp-n21-c52-s1,Exact,523.13863,276.26473,7.4828,672.09511,366.938,12,11448.77716,1
vrp-n21-c54-s1,Exact,474.68927,253.80726,36.69602,795.29124,458.06744,12,14275.67272,1
vrp-n21-c59-s1,Exact,527.04468,332.08166,20.28914,766.19409,453.04412,15,16715.73647,1
vrp-n21-c63-s1,Exact,529.26635,328.45933,36.3265,576.26623,317.66747,11,9889.09389,1
vrp-n21-c64-s1,Exact,526.52706,386.59214,24.06491,778.72167,463.88065,13,14883.00384,1
vrp-n21-c65-s1,Exact,569.69578,396.54535,28.70385,987.93316,528.28877,11,14978.36362,1
vrp-n21-c68-s1,Exact,487.44459,335.57699,60.0134,703.95151,370.20484,12,10768.68258,1
vrp-n21-c70-s1,Exact,482.45254,357.1911,31.86364,688.90254,428.27647,13,13468.95465,1
vrp-n21-c71-s1,Exact,644.80108,474.87307,48.17993,987.36189,609.45816,9,14616.78741,1
vrp-n21-c72-s1,Exact,560.25632,453.47879,45.55878,399.93188,403.44191,10,10955.01684,1
vrp-n21-c74-s1,Exact,491.78745,247.11921,20.56687,937.96257,590.14499,15,21676.31891,1
vrp-n21-c75-s1,Exact,392.60423,212.24938,29.2958,720.71838,442.21272,9,12110.67604,1
vrp-n21-c77-s1,Exact,568.32866,355.66843,33.2736,860.44595,606.39693,12,16069.00483,1
vrp-n21-c78-s1,Exact,562.47286,354.01621,13.52336,875.95135,484.96397,11,14297.74337,1
vrp-n21-c79-s1,Exact,469.34968,352.96543,31.30387,451.47795,319.83413,10,9721.97724,1
vrp-n22-c20-s1,Exact,561.13649,458.87947,44.65799,916.23334,558.87951,12,16822.80797,1
vrp-n22-c22-s1,Exact,518.40918,308.22076,55.48765,852.23294,450.34078,16,16203.21486,1
vrp-n22-c23-s1,Exact,523.23537,279.34019,27.31949,838.97173,484.4839,17,19450.83519,1
vrp-n22-c24-s1,Exact,523.17578,363.7274,10.63855,857.80943,485.17257,15,17441.95293,1
vrp-n22-c27-s1,Exact,498.20637,330.7698,9.07532,746.7485,369.20574,12,12077.45781,1
vrp-n22-c29-s1,Exact,566.78596,350.52723,12.84396,951.60426,532.47185,13,18083.34521,1
vrp-n22-c31-s1,Exact,465.47243,301.6059,55.90827,927.40721,507.52328,13,16337.37249,1
vrp-n22-c32-s1,Exact,315.58519,322.76635,49.7817,775.51868,367.46766,12,12283.06161,1
vrp-n22-c33-s1,Exact,554.17653,336.75814,33.11429,679.80564,456.1732,13,13638.09848,1
vrp-n22-c35-s1,Exact,402.70281,290.51326,61.69618,741.03469,246.17772,12,8812.64113,1
vrp-n22-c39-s1,Exact,528.41888,366.16201,47.93477,705.82993,434.08848,12,12262.19528,1
vrp-n22-c42-s1,Exact,548.82468,334.48324,12.72126,989.36955,427.52288,17,18875.42424,1
vrp-n22-c43-s1,Exact,589.39482,362.95743,50.85471,788.89031,501.39924,11,13171.42337,1
vrp-n22-c44-s1,Exact,557.46419,375.75633,38.67321,1064.76512,379.01952,14,12446.24728,1
vrp-n22-c45-s1,Exact,570.32349,400.74406,38.77401,840.05156,554.73285,14,18178.82362,1
vrp-n22-c46-s1,Exact,525.94335,387.88995,50.66997,923.78878,458.46202,14,14625.33749,1
vrp-n22-c47-s1,Exact,482.6442,341.38213,7.64339,724.37888,343.0287,12,11745.52336,1
vrp-n22-c48-s1,Exact,511.45238,331.67779,15.28698,1026.59959,531.96574,16,20788.66397,1
vrp-n22-c49-s1,Exact,429.45712,259.25169,51.38742,971.85614,571.51423,12,16506.00587,1
vrp-n22-c51-s1,Exact,594.53613,308.15157,17.27134,1049.8402,432.6901,16,17980.20248,1
vrp-n22-c52-s1,Exact,511.34554,286.08159,16.6974,927.73353,408.26263,15,16334.59279,1
vrp-n22-c54-s1,Exact,456.79853,385.67791,27.24927,778.93765,526.58283,12,14470.12596,1
vrp-n22-c55-s1,Exact,515.55216,327.38817,73.09656,729.43023,405.94669,14,15634.69175,1
vrp-n22-c59-s1,Exact,455.27871,298.57139,55.15505,632.22683,380.55166,15,12910.02359,1
vrp-n22-c61-s1,Exact,492.36722,423.19931,40.04765,645.76624,373.32992,11,10180.80088,1
vrp-n22-c63-s1,Exact,450.08525,437.2949,55.14392,546.38928,420.57623,11,11691.30058,1
vrp-n22-c64-s1,Exact,449.17197,300.59772,46.25763,623.68706,401.13636,14,13151.20101,1
vrp-n22-c67-s1,Exact,447.19784,300.6866,13.382,818.05959,488.41035,15,16881.04049,1
vrp-n22-c70-s1,Exact,536.69894,400.80828,10.79643,1018.53478,606.89089,10,15129.66594,1
vrp-n22-c71-s1,Exact,590.63412,378.5792,60.77786,906.41456,525.05577,12,15209.66014,1
vrp-n22-c72-s1,Exact,430.30598,370.12841,37.88276,632.68405,365.94554,10,10973.46219,1
vrp-n22-c75-s1,Exact,492.90711,317.46434,36.17333,386.42127,334.50797,11,10588.02,1
vrp-n22-c78-s1,Exact,573.92807,371.64704,24.35753,945.53667,645.86024,12,19219.09924,1
vrp-n23-c20-s1,Exact,482.18699,378.85693,30.67121,911.1447,507.41362,13,16092.95268,1
vrp-n23-c21-s1,Exact,512.86122,384.31253,53.48659,777.00955,498.79951,11,14465.86061,1
vrp-n23-c22-s1,Exact,544.21841,351.40774,54.16895,535.57494,363.7777,13,12660.46153,1
vrp-n23-c23-s1,Exact,608.58825,485.85923,0.0,944.03435,540.3387,8,12779.33679,1
vrp-n23-c25-s1,Exact,490.05233,296.53163,31.12623,595.57763,323.92348,15,12402.96237,1
vrp-n23-c26-s1,Exact,519.89879,314.29165,25.7591,1038.62527,542.20131,14,19662.21871,1
vrp-n23-c27-s1,Exact,570.32392,450.84817,67.58645,968.73859,493.33486,14,17817.37749,1
vrp-n23-c29-s1,Exact,439.28214,369.20837,34.4384,711.6597,459.15262,15,15880.55502,1
vrp-n23-c34-s1,Exact,581.14336,372.07049,74.73998,788.14804,526.53555,12,15139.47185,1
vrp-n23-c36-s1,Exact,544.81194,292.04597,25.76634,804.3721,375.75717,15,15356.12613,1
vrp-n23-c38-s1,Exact,525.40984,316.53521,17.93713,1094.71745,594.13156,17,23443.23753,1
vrp-n23-c39-s1,Exact,491.16539,453.59713,29.86845,921.5544,531.46284,12,17872.5853,1
vrp-n23-c45-s1,Exact,469.52849,419.90032,45.2831,681.57873,418.76473,10,10473.40328,1
vrp-n23-c46-s1,Exact,508.53641,390.19327,40.54884,957.59011,562.09589,14,18189.55471,1
vrp-n23-c48-s1,Exact,478.96093,332.71102,53.16191,696.73579,313.72074,14,12060.45554,1
vrp-n23-c49-s1,Exact,535.45962,397.03049,43.99398,816.25579,530.34437,15,18340.04536,1
vrp-n23-c50-s1,Exact,515.2513,365.25812,60.89886,612.00299,422.30709,13,13477.10628,1
vrp-n23-c51-s1,Exact,558.37481,291.71863,48.84383,872.72248,547.56425,15,20482.49945,1
vrp-n23-c52-s1,Exact,602.2031,360.61241,50.06831,977.53502,545.66664,12,15253.28936,1
vrp-n23-c53-s1,Exact,455.82259,227.35881,9.4535,687.91824,355.0202,14,13663.35839,1
vrp-n23-c56-s1,Exact,487.97559,334.95995,44.39522,939.24577,521.65103,12,17855.8288,1
vrp-n23-c58-s1,Exact,471.5307,365.66802,53.08738,619.17917,536.93054,11,13289.18774,1
vrp-n23-c61-s1,Exact,636.70923,345.51108,49.10549,996.72583,549.13351,18,23123.99605,1
vrp-n23-c63-s1,Exact,493.8301,365.36367,73.68036,828.53346,436.62823,15,15529.76892,1
vrp-n23-c69-s1,Exact,507.5242,350.87421,46.55158,864.90196,521.35379,13,16804.47422,1
vrp-n23-c73-s1,Exact,437.29418,315.65412,40.34168,603.21905,366.42825,14,13126.77463,1
vrp-n23-c74-s1,Exact,517.62917,381.02512,41.52971,914.97122,630.19188,12,17731.65017,1
vrp-n23-c75-s1,Exact,459.81908,322.77312,41.25184,1017.30171,424.88522,15,14077.14608,1
vrp-n23-c76-s1,Exact,617.44497,417.76575,47.23921,1084.55035,674.81075,11,19478.45939,1
vrp-n23-c78-s1,Exact,422.87859,294.1458,35.43309,821.51318,349.33737,13,12497.13688,1
vrp-n23-c79-s1,Exact,434.06855,241.10086,16.86777,929.7789,406.05764,19,18327.78849,1
vrp-n24-c20-s1,Exact,373.79722,426.9696,44.0213,499.98426,434.85703,11,11779.09881,1
vrp-n24-c21-s1,Exact,458.16489,358.37837,21.70545,695.6771,364.45492,14,12018.82198,1
vrp-n24-c22-s1,Exact,491.67054,447.5508,89.45331,787.80415,571.39548,12,17331.22428,1
vrp-n24-c26-s1,Exact,537.25308,333.73381,17.38849,682.99071,395.81819,16,14631.7686,1
vrp-n24-c34-s1,Exact,485.88746,316.94402,39.22673,752.97241,389.02404,15,14255.76716,1
vrp-n24-c36-s1,Exact,526.65073,343.82559,58.83854,675.98056,343.28194,11,9991.06337,1
vrp-n24-c38-s1,Exact,505.28685,343.51705,65.1778,775.81263,470.41722,16,16584.81907,1
vrp-n24-c39-s1,Exact,486.95526,445.53475,153.24229,842.87829,605.45185,12,16607.14005,1
vrp-n24-c42-s1,Exact,479.5667,328.33699,49.8724,806.44025,469.72859,15,16338.73122,1
vrp-n24-c46-s1,Exact,517.60367,387.43878,74.03367,707.03737,442.02813,15,15933.4636,1
vrp-n24-c47-s1,Exact,494.84642,323.10508,62.80694,1044.21929,530.93374,12,15820.45981,1
vrp-n24-c55-s1,Exact,513.51043,339.79468,41.17386,653.25081,356.18266,11,10470.65661,1
vrp-n24-c57-s1,Exact,478.4332,480.31779,40.809,569.4723,476.96577,11,15027.16721,1
vrp-n24-c59-s1,Exact,561.13915,314.6606,57.42039,856.53686,500.45136,13,16226.54863,1
vrp-n24-c61-s1,Exact,608.69334,438.456,21.13453,934.62567,495.69502,16,19531.63392,1
vrp-n24-c62-s1,Exact,559.64884,413.18272,35.29395,632.56952,411.02405,14,14403.50482,1
vrp-n24-c63-s1,Exact,467.14868,349.21997,94.1656,742.36722,373.53726,11,12384.33442,1
vrp-n24-c64-s1,Exact,491.00463,369.47197,57.40091,818.92153,432.54653,13,14400.84815,1
vrp-n24-c66-s1,Exact,412.80469,333.7373,56.5719,836.43025,414.45547,14,14553.52942,1
vrp-n24-c67-s1,Exact,492.02329,340.59814,69.49213,653.74094,361.88268,18,14811.94795,1
vrp-n24-c68-s1,Exact,476.71866,374.87489,16.07589,852.37134,559.91006,15,19320.25732,1
vrp-n24-c69-s1,Exact,431.29417,289.129,82.89727,685.73466,381.82843,13,12451.06287,1
vrp-n24-c72-s1,Exact,428.04953,398.00283,22.60958,961.40941,679.34742,14,23233.19579,1
vrp-n24-c73-s1,Exact,550.50094,361.96854,23.21087,1018.72039,587.58771,17,23473.31313,1
vrp-n24-c74-s1,Exact,495.10071,354.19714,53.07306,624.89655,382.40169,14,13106.59287,1
vrp-n24-c78-s1,Exact,573.49693,318.44469,53.6511,787.70619,381.17175,16,15631.88846,1
vrp-n24-c79-s1,Exact,585.98671,351.29762,22.24692,865.84904,472.65419,17,18527.09487,1
vrp-n25-c20-s1,Exact,484.76651,343.8354,107.19195,527.21147,396.76853,14,12927.40123,1
vrp-n25-c21-s1,Exact,598.95068,480.5223,46.01023,762.62314,418.3823,13,12758.67688,1
vrp-n25-c25-s1,Exact,501.07153,394.31398,57.78686,831.71464,594.23114,12,16132.25365,1
vrp-n25-c27-s1,Exact,591.41175,369.92206,23.81163,1078.41745,501.27236,15,20080.88728,1
vrp-n25-c32-s1,Exact,461.65773,290.72133,44.67055,952.30537,418.97843,15,15405.34628,1
vrp-n25-c34-s1,Exact,589.15278,321.11988,46.60808,701.48301,418.67382,14,15190.63727,1
vrp-n25-c35-s1,Exact,491.39133,343.14816,95.01022,632.33958,372.35746,15,14042.7031,1
vrp-n25-c45-s1,Exact,512.59399,325.50193,48.81439,622.68168,354.54209,17,15619.44192,1
vrp-n25-c47-s1,Exact,532.10064,351.50943,27.69267,813.67002,421.95416,14,16151.55297,1
vrp-n25-c48-s1,Exact,558.30856,398.5568,29.63006,748.74116,504.1602,12,14241.00217,1
vrp-n25-c50-s1,Exact,482.93253,316.49261,30.78362,1024.1496,603.54368,14,19415.45105,1
vrp-n25-c55-s1,Exact,496.40307,398.99725,56.13657,1062.13687,637.6231,16,23180.26574,1
vrp-n25-c56-s1,Exact,464.88069,371.1518,20.38892,891.94013,540.66365,16,21899.25923,1
vrp-n25-c58-s1,Exact,488.00615,324.36871,114.31835,614.16061,360.47946,14,13167.39029,1
vrp-n25-c60-s1,Exact,573.08692,435.71883,89.29459,968.00678,612.32039,12,18540.05389,1
vrp-n25-c61-s1,Exact,516.59017,330.7823,74.07211,937.77056,618.44734,14,21699.4468,1
vrp-n25-c62-s1,Exact,505.29312,330.34945,40.79098,501.84068,291.79026,14,12168.26839,1
vrp-n25-c65-s1,Exact,421.97786,291.25335,36.35853,1102.87809,625.06437,17,24424.60812,1
vrp-n25-c66-s1,Exact,533.42741,373.1247,29.87258,707.53826,390.87807,12,12253.25259,1
vrp-n25-c67-s1,Exact,527.3895,337.98231,74.403,792.13152,524.15337,13,17492.13483,1
vrp-n25-c68-s1,Exact,570.81646,430.08427,49.73942,839.63893,574.52027,14,19863.25095,1
vrp-n25-c71-s1,Exact,467.8822,314.32773,81.06047,455.82662,319.90982,13,10919.36168,1
vrp-n25-c75-s1,Exact,484.54297,311.49773,40.2226,766.48949,407.85037,11,11131.29194,1
vrp-n25-c76-s1,Exact,528.26311,318.56435,79.79736,1038.23299,602.82037,15,21505.15969,1
vrp-n25-c77-s1,Exact,468.40593,318.45643,107.2768,845.68443,447.30838,14,16134.57122,1
vrp-n25-c78-s1,Exact,484.72813,332.86839,54.24169,926.52624,432.15674,17,17750.43313,1
vrp-n25-c79-s1,Exact,604.99104,350.11254,65.25369,800.06101,483.59935,16,17365.54339,1
vrp-n26-c20-s1,Exact,550.3978,373.59222,115.3669,938.02812,685.2595,14,22304.47,1
vrp-n26-c21-s1,Exact,524.68917,345.69545,40.23184,673.06834,417.81577,17,16626.52759,1
vrp-n26-c22-s1,Exact,497.0369,373.1517,58.3717,944.95625,630.5709,14,20192.05072,1
vrp-n26-c23-s1,Exact,518.68276,396.61898,68.08647,1136.77876,647.39388,15,23279.90989,1
vrp-n26-c24-s1,Exact,574.35199,423.3505,105.18081,904.45978,464.19291,14,17285.06323,1
vrp-n26-c26-s1,Exact,559.10164,385.48702,118.19454,873.95329,597.45513,16,21641.71855,1
vrp-n26-c31-s1,Exact,491.33995,282.55549,42.58194,705.67716,411.58337,15,16221.6608,1
vrp-n26-c32-s1,Exact,546.5693,400.14089,69.04165,1133.38995,526.34157,16,20634.92393,1
vrp-n26-c38-s1,Exact,613.68435,349.52547,80.34426,842.90323,432.29337,15,17006.48038,1
vrp-n26-c39-s1,Exact,529.52937,396.98724,87.16124,839.41583,536.70488,12,15472.54429,1
vrp-n26-c41-s1,Exact,549.53933,406.26143,43.60597,726.27291,479.77921,18,21290.14558,1
vrp-n26-c42-s1,Exact,562.63775,347.58767,34.77485,613.96696,410.31908,18,18398.04033,1
vrp-n26-c43-s1,Exact,450.55235,335.69121,106.981,711.75872,385.25021,12,12058.73105,1
vrp-n26-c45-s1,Exact,540.38491,351.75119,92.76355,904.74902,486.91849,16,17791.83761,1
vrp-n26-c46-s1,Exact,585.058,420.66589,52.64837,826.93933,510.80142,14,19187.01442,1
vrp-n26-c49-s1,Exact,480.97827,318.31928,68.39859,782.21152,399.11115,14,14448.72031,1
vrp-n26-c51-s1,Exact,510.14664,312.23636,81.58062,851.23787,399.33727,15,14715.35764,1
vrp-n26-c55-s1,Exact,488.1251,285.62237,38.85061,675.90203,324.61485,18,15526.61748,1
vrp-n26-c56-s1,Exact,503.62594,302.90191,23.93748,779.4151,460.82834,16,18735.36255,1
vrp-n26-c59-s1,Exact,572.72989,415.30607,37.8852,868.95234,633.16299,15,22155.58673,1
vrp-n26-c62-s1,Exact,539.23022,391.4188,32.47293,746.88497,479.46207,13,16333.08232,1
vrp-n26-c64-s1,Exact,524.40588,334.04486,82.72375,695.26346,395.50454,15,13032.18468,1
vrp-n26-c65-s1,Exact,563.88537,348.2379,86.68705,712.62279,424.89298,15,16043.31421,1
vrp-n26-c66-s1,Exact,416.49317,235.88322,34.35301,668.58373,293.82839,16,12925.1802,1
vrp-n26-c69-s1,Exact,539.44562,385.34704,108.05939,643.87014,426.35158,15,15106.60597,1
vrp-n26-c70-s1,Exact,481.85616,305.92963,87.70481,661.48418,395.24328,15,15615.30963,1
vrp-n26-c75-s1,Exact,440.76652,276.25907,97.41177,844.6706,430.83573,16,16649.67235,1
vrp-n26-c76-s1,Exact,475.80707,426.1198,79.37449,869.55644,386.1688,11,11747.11801,1
vrp-n26-c77-s1,Exact,438.37733,267.99613,61.64282,750.55757,393.76888,16,15751.59215,1
vrp-n26-c78-s1,Exact,545.18229,359.21518,61.21554,825.36514,396.40484,15,15495.56705,1
vrp-n26-c79-s1,Exact,592.60924,346.54522,27.29422,850.70865,542.94278,18,23248.69297,1
vrp-n27-c20-s1,Exact,514.88671,346.1592,114.20967,776.59627,486.86621,14,16574.70442,1
vrp-n27-c25-s1,Exact,551.35477,374.17119,26.91677,887.36361,560.51534,15,21193.75517,1
vrp-n27-c26-s1,Exact,465.89676,333.9677,48.20252,632.83607,385.19379,18,16597.77102,1
vrp-n27-c29-s1,Exact,515.46315,400.1063,133.84068,970.8119,545.10365,16,19904.81925,1
vrp-n27-c30-s1,Exact,521.69519,426.43107,61.96654,964.15227,589.89497,13,20544.30089,1
vrp-n27-c31-s1,Exact,569.1638,389.78786,74.77837,858.38918,550.24148,17,20720.55899,1
vrp-n27-c32-s1,Exact,475.88593,336.93247,85.62201,709.71559,454.12161,16,16696.9401,1
vrp-n27-c33-s1,Exact,562.08443,427.49228,61.75022,979.85131,595.42519,15,19660.47582,1
vrp-n27-c39-s1,Exact,471.8726,331.08431,90.62477,878.37794,517.73723,16,19699.89787,1
vrp-n27-c42-s1,Exact,542.04311,347.63946,68.80409,806.74941,438.66917,22,22069.24808,1
vrp-n27-c43-s1,Exact,507.63135,355.6031,85.07994,1093.70105,514.70197,17,23063.43103,1
vrp-n27-c44-s1,Exact,488.48885,306.38573,114.12195,1052.77861,586.60533,16,20895.44011,1
vrp-n27-c45-s1,Exact,507.32834,418.22498,49.27319,658.02845,416.35358,12,11948.82639,1
vrp-n27-c46-s1,Exact,515.55165,401.93703,60.28993,952.0111,515.6743,13,16784.38589,1
vrp-n27-c47-s1,Exact,559.12515,401.41622,84.90646,887.62481,506.51476,15,18599.70923,1
vrp-n27-c49-s1,Exact,476.33433,347.21593,60.54197,925.75795,419.08129,14,15917.7042,1
vrp-n27-c50-s1,Exact,426.98273,231.07685,61.31359,573.27629,280.80747,17,11818.97014,1
vrp-n27-c51-s1,Exact,482.39537,371.69675,98.4142,572.59629,443.40592,16,17815.37392,1
vrp-n27-c53-s1,Exact,537.50693,392.21444,36.60421,667.72902,375.7972,17,15195.21135,1
vrp-n27-c55-s1,Exact,541.7593,400.45414,50.61751,719.60501,449.50444,16,18506.07796,1
vrp-n27-c57-s1,Exact,565.29957,384.80603,54.86877,791.21788,515.64797,13,16664.06836,1
vrp-n27-c59-s1,Exact,540.82426,382.47638,109.69126,916.50751,627.79476,15,22041.98648,1
vrp-n27-c60-s1,Exact,476.92001,271.51871,33.61094,616.15346,374.06343,17,15712.5726,1
vrp-n27-c61-s1,Exact,564.78887,387.04678,112.08053,908.25249,583.29017,13,17561.04998,1
vrp-n27-c62-s1,Exact,486.82607,304.47838,82.1011,935.54475,427.19531,17,18212.78178,1
vrp-n27-c63-s1,Exact,482.93389,371.83151,48.27689,814.82401,479.27481,16,18733.04864,1
vrp-n27-c64-s1,Exact,478.7882,379.22303,46.70932,727.12788,503.15474,16,19581.86698,1
vrp-n27-c65-s1,Exact,413.97191,318.63226,24.05442,786.4931,501.39216,17,21535.87302,1
vrp-n27-c68-s1,Exact,509.09359,416.83316,132.88832,839.98567,551.4212,15,19270.78757,1
vrp-n27-c70-s1,Exact,583.34063,400.41175,61.54614,806.33477,444.83082,16,18690.62962,1
vrp-n27-c71-s1,Exact,528.68789,319.9561,67.51072,815.37811,471.63724,14,16142.76024,1
vrp-n27-c72-s1,Exact,462.95747,343.5723,68.56173,925.01776,573.51816,17,23649.12247,1
vrp-n27-c73-s1,Exact,568.13996,407.39158,57.84351,894.63236,531.02389,15,19072.31393,1
vrp-n27-c74-s1,Exact,514.94075,314.38103,100.50521,774.36427,420.6971,16,17842.06387,1
vrp-n27-c76-s1,Exact,486.04035,334.14073,102.60328,862.46953,563.74586,16,21338.32253,1
vrp-n27-c78-s1,Exact,431.49114,242.65231,3.54656,717.55132,317.90451,20,16011.44607,1
vrp-n28-c20-s1,Exact,460.35645,324.88056,48.88427,805.41057,448.72219,16,17947.43717,1
vrp-n28-c22-s1,Exact,433.888,260.52165,70.29816,641.58123,363.60856,18,16029.54938,1
vrp-n28-c23-s1,Exact,573.6505,439.66574,78.33791,826.84766,526.65569,15,19638.20154,1
vrp-n28-c24-s1,Exact,524.73207,369.45247,13.33806,914.29153,596.37399,15,22456.12878,1
vrp-n28-c26-s1,Exact,404.0824,329.88515,69.68114,794.16243,365.77762,15,13881.11982,1
vrp-n28-c27-s1,Exact,571.78506,307.64736,70.03844,1021.95268,542.67328,15,20499.77471,1
vrp-n28-c28-s1,Exact,504.33588,355.79275,50.02934,1016.36825,536.07163,17,22846.55839,1
vrp-n28-c33-s1,Exact,451.36866,334.79137,93.81941,814.74183,430.57221,13,15451.86029,1
vrp-n28-c34-s1,Exact,442.69948,287.64602,112.6558,711.50783,347.6166,16,13773.5241,1
vrp-n28-c35-s1,Exact,440.83867,404.96788,85.42124,906.37618,484.47888,15,17524.16679,1
vrp-n28-c37-s1,Exact,520.64816,307.58108,51.04506,670.15081,363.94573,21,19934.56956,1
vrp-n28-c38-s1,Exact,376.88485,286.03643,144.25345,1173.71219,441.1623,15,17815.81667,1
vrp-n28-c39-s1,Exact,530.95567,329.56493,86.48283,1016.24655,536.84011,21,26369.85504,1
vrp-n28-c41-s1,Exact,576.56957,403.02691,104.22121,859.16792,538.22739,18,21301.788,1
vrp-n28-c43-s1,Exact,498.11477,341.7326,60.59853,903.76165,378.51154,19,18111.07105,1
vrp-n28-c44-s1,Exact,450.55086,361.16156,29.70558,554.94125,387.15249,13,13700.31954,1
vrp-n28-c47-s1,Exact,564.85276,430.91868,22.53494,1066.67123,469.7208,18,20960.24342,1
vrp-n28-c48-s1,Exact,507.13522,323.64208,119.2294,713.07748,392.04097,16,15412.3476,1
vrp-n28-c50-s1,Exact,556.05902,461.28237,18.56381,751.199,522.72369,15,17871.57676,1
vrp-n28-c54-s1,Exact,500.81674,304.06294,19.47065,529.85775,343.45675,12,12252.59424,1
vrp-n28-c56-s1,Exact,493.43638,318.40677,58.46568,776.57695,376.21297,17,16487.1526,1
vrp-n28-c58-s1,Exact,480.53879,409.54437,86.00074,907.89027,606.29616,15,22385.05122,1
vrp-n28-c59-s1,Exact,520.85651,403.05148,113.80372,1009.30589,586.40736,18,24862.60376,1
vrp-n28-c60-s1,Exact,473.02899,342.05204,124.2783,422.19539,346.17644,15,13187.43935,1
vrp-n28-c63-s1,Exact,536.53111,472.84699,126.70202,942.10847,483.36107,14,16331.0446,1
vrp-n28-c66-s1,Exact,557.37604,337.28648,154.82342,688.57443,381.36244,18,18093.79449,1
vrp-n28-c69-s1,Exact,466.14261,297.39559,104.91681,841.6664,495.93152,14,17350.63511,1
vrp-n28-c70-s1,Exact,437.93706,303.27522,94.64646,931.2179,536.4599,15,20109.185,1
vrp-n28-c71-s1,Exact,528.93156,277.96175,69.03494,1057.83775,613.16541,19,28506.80912,1
vrp-n28-c72-s1,Exact,542.52489,381.14075,129.62488,786.78667,450.0389,17,18411.76208,1
vrp-n28-c73-s1,Exact,536.9874,375.11578,77.05169,601.44165,357.04524,17,14145.84502,1
vrp-n28-c75-s1,Exact,559.65189,430.12326,102.09703,793.41318,547.91055,11,15386.81716,1
vrp-n28-c76-s1,Exact,453.05547,317.43166,182.2595,932.94597,516.623,17,18979.73052,1
vrp-n28-c78-s1,Exact,508.76748,404.59148,63.49693,908.7721,558.18133,14,19542.81464,1
vrp-n29-c21-s1,Exact,502.54367,441.81283,128.06284,898.13968,455.25423,14,16038.04733,1
vrp-n29-c22-s1,Exact,527.54845,396.34911,118.99835,817.06842,510.77659,14,18524.85056,1
vrp-n29-c24-s1,Exact,528.65709,341.15708,129.70394,910.2116,408.40882,16,14913.59638,1
vrp-n29-c25-s1,Exact,460.13096,311.97162,79.12464,702.12324,355.46771,14,12837.66607,1
vrp-n29-c26-s1,Exact,498.27213,301.34431,55.36868,869.94672,373.62411,20,17445.78356,1
vrp-n29-c30-s1,Exact,548.2442,374.19184,146.7182,1079.99254,439.50264,17,18366.61197,1
vrp-n29-c31-s1,Exact,580.16469,394.51743,40.9177,948.00036,565.50194,18,24474.56541,1
vrp-n29-c32-s1,Exact,494.0828,295.24916,68.05046,726.2852,435.57023,16,17986.89965,1
vrp-n29-c33-s1,Exact,481.7617,370.50943,104.63811,557.38248,376.84747,16,14177.16439,1
vrp-n29-c34-s1,Exact,530.13881,447.00717,110.84129,995.93865,586.41838,14,22158.35211,1
vrp-n29-c35-s1,Exact,438.8787,315.73776,77.64067,763.63857,483.81432,16,19160.96863,1
vrp-n29-c36-s1,Exact,401.48213,318.52466,200.27414,692.05689,344.54256,15,14543.76411,1
vrp-n29-c39-s1,Exact,484.47283,378.62055,123.47562,813.62118,484.86987,15,17911.33808,1
vrp-n29-c40-s1,Exact,521.86003,381.02696,150.84081,665.28231,415.00701,16,15917.91184,1
vrp-n29-c41-s1,Exact,440.22017,332.69464,186.3287,751.40434,561.27847,14,17888.35059,1
vrp-n29-c42-s1,Exact,543.87652,334.96703,105.76303,721.73689,401.86891,19,17697.00281,1
vrp-n29-c48-s1,Exact,460.65578,281.58787,77.18237,851.60226,508.54438,17,23169.47096,1
vrp-n29-c49-s1,Exact,551.41778,399.93479,110.15332,758.67553,445.67903,15,15852.71305,1
vrp-n29-c50-s1,Exact,423.81114,449.36615,113.62373,665.40722,456.4469,12,13007.05414,1
vrp-n29-c51-s1,Exact,525.02169,310.27363,147.77628,973.11333,506.94032,17,21238.31936,1
vrp-n29-c52-s1,Exact,497.98624,343.25807,84.92338,779.32062,429.76901,15,15979.69498,1
vrp-n29-c53-s1,Exact,517.91664,299.65341,172.90519,787.06202,459.88479,18,20091.28814,1
vrp-n29-c56-s1,Exact,545.11365,417.5839,73.99766,545.58481,388.01027,14,14506.75301,1
vrp-n29-c57-s1,Exact,496.3097,278.22884,79.36413,962.21175,539.05001,22,27480.63333,1
vrp-n29-c58-s1,Exact,505.58609,323.70063,53.21146,1217.11051,577.18668,22,31062.92067,1
vrp-n29-c60-s1,Exact,613.28008,428.1439,137.49928,845.94233,495.68018,14,16194.33391,1
vrp-n29-c61-s1,Exact,510.95563,427.02732,49.43284,897.84373,614.79858,14,20752.54648,1
vrp-n29-c65-s1,Exact,479.21362,323.12164,141.78413,1116.49483,771.36349,19,34011.54282,1
vrp-n29-c66-s1,Exact,540.67292,344.06578,100.66286,749.5564,371.85385,18,15932.8652,1
vrp-n29-c67-s1,Exact,440.13138,286.01381,135.75161,631.55075,372.18575,18,15757.37268,1
vrp-n29-c68-s1,Exact,543.47468,319.50891,106.30507,630.88215,371.32577,17,17281.88141,1
vrp-n29-c69-s1,Exact,569.85181,341.43286,10.0638,803.43434,420.20597,19,19482.55066,1
vrp-n29-c70-s1,Exact,560.27296,452.02107,56.62737,765.85381,558.49057,16,21146.56152,1
vrp-n29-c73-s1,Exact,493.85243,347.56359,98.45896,847.54709,412.3148,18,17506.72929,1
vrp-n29-c74-s1,Exact,569.86384,356.85807,57.29996,920.1941,523.3973,17,22417.55882,1
vrp-n29-c75-s1,Exact,561.90462,386.83324,145.80386,514.33035,388.15942,16,15383.35145,1
vrp-n29-c76-s1,Exact,562.0708,422.105,120.1208,1006.51725,522.81559,15,19693.95719,1
vrp-n29-c77-s1,Exact,481.14395,337.51814,75.68837,865.54897,431.62166,16,18173.05914,1
vrp-n29-c78-s1,Exact,556.49837,375.65751,136.49878,643.85954,463.45469,17,18390.58792,1
vrp-n29-c79-s1,Exact,503.01909,332.25332,77.65702,802.69382,446.96959,16,16889.0876,1
vrp-n30-c23-s1,Exact,446.85522,407.14823,102.1034,688.79778,357.76109,14,13297.33141,1
vrp-n30-c24-s1,Exact,511.16462,365.44454,101.23457,821.7811,508.03937,14,16174.13805,1
vrp-n30-c25-s1,Exact,549.42426,367.15595,116.39728,658.06207,392.63557,18,17937.58331,1
vrp-n30-c28-s1,Exact,500.54755,385.22591,184.87368,976.01515,637.58971,15,23401.04745,1
vrp-n30-c34-s1,Exact,524.9172,331.19055,126.43249,952.91979,573.81454,22,29617.67731,1
vrp-n30-c35-s1,Exact,528.9662,326.47832,80.19523,913.1095,620.66546,18,25415.30365,1
vrp-n30-c36-s1,Exact,518.6271,321.56095,137.7365,560.807,346.65004,18,15077.56816,1
vrp-n30-c40-s1,Exact,605.21183,454.41697,160.25527,1094.4699,714.99426,17,29081.39461,1
vrp-n30-c42-s1,Exact,479.62178,312.57255,50.59005,808.82059,364.71591,19,18062.70833,1
vrp-n30-c43-s1,Exact,478.45789,336.36428,70.86576,761.42812,407.8806,19,18098.00766,1
vrp-n30-c44-s1,Exact,423.14755,327.65154,147.39819,862.71092,433.29448,15,16387.9552,1
vrp-n30-c47-s1,Exact,492.87268,298.81199,50.52299,673.19736,304.57629,15,13385.95452,1
vrp-n30-c49-s1,Exact,553.3407,372.4311,115.94744,986.75245,478.99396,15,18440.94315,1
vrp-n30-c52-s1,Exact,521.88385,463.80451,107.37671,965.59299,572.60342,16,21439.41492,1
vrp-n30-c53-s1,Exact,498.91761,335.48562,115.70017,656.52068,356.83393,19,16610.60267,1
vrp-n30-c54-s1,Exact,575.82048,343.86938,97.18676,586.20896,347.16433,16,15462.94814,1
vrp-n30-c56-s1,Exact,492.88997,415.54246,117.37018,890.19584,658.97419,15,23398.13463,1
vrp-n30-c59-s1,Exact,472.73143,343.76895,17.93713,1122.68162,699.59595,20,33804.95477,1
vrp-n30-c60-s1,Exact,479.08004,287.50899,87.13302,912.4393,625.00173,17,25745.07093,1
vrp-n30-c61-s1,Exact,506.2812,271.56468,89.30007,847.17673,400.25335,22,22103.2345,1
vrp-n30-c64-s1,Exact,503.62968,303.93456,143.51895,860.03972,450.59676,19,19798.11212,1
vrp-n30-c66-s1,Exact,491.99553,385.36853,184.30659,773.45949,370.61936,14,13502.16974,1
vrp-n30-c67-s1,Exact,528.51538,394.98483,206.1474,797.03613,449.55111,13,14380.11985,1
vrp-n30-c69-s1,Exact,544.7998,303.16909,159.13656,965.9845,513.31804,18,20760.76025,1
vrp-n30-c70-s1,Exact,478.47621,414.62165,87.201,855.647,566.08698,17,21897.07234,1
vrp-n30-c71-s1,Exact,491.1352,296.49816,158.47846,800.85578,492.7655,16,18643.57577,1
vrp-n30-c72-s1,Exact,576.57333,405.55852,95.53782,760.95157,413.71934,18,17180.84675,1
vrp-n30-c73-s1,Exact,478.49862,320.55066,120.55306,691.13669,408.64302,17,17779.21742,1
vrp-n30-c74-s1,Exact,456.57573,316.0893,53.6331,678.68582,417.44825,16,16573.50369,1
vrp-n30-c75-s1,Exact,503.3375,371.48401,85.44559,616.77455,402.33723,17,17980.59569,1
vrp-n30-c77-s1,Exact,570.14555,366.30366,75.37785,956.79255,586.40945,18,25563.22761,1
vrp-n30-c78-s1,Exact,459.3857,332.5185,83.68947,900.45108,468.81546,18,19603.13783,1
vrp-n30-c79-s1,Exact,444.07354,269.52357,180.22369,682.84961,423.24375,17,16627.44843,1
